<?xml version="1.0" encoding="UTF-8" standalone="yes"?>
<groupHaul xmlns:a="http://www.appian.com/ae/types/2009">
    <versionUuid>_e-0000ebf9-1d05-8000-bab7-011e94011e94_5660</versionUuid>
    <group>
        <name>SG Administrators</name>
        <securityMap>SECURITYMAP_TEAM</securityMap>
        <uuid>57966c08-1e68-4939-a175-18b08cc4b4f9</uuid>
        <groupTypeUuid>SYSTEM_GROUP_TYPE_CUSTOM</groupTypeUuid>
        <description>Assigns Administrator permissions to users for objects in the application</description>
        <delegatedCreation>false</delegatedCreation>
        <memberPolicy>MEMBERPOLICY_CLOSED</memberPolicy>
        <viewingPolicy>VIEWINGPOLICY_LOW</viewingPolicy>
        <attributes/>
    </group>
    <members>
        <users/>
        <groups/>
    </members>
    <admins>
        <users/>
        <groups>
            <groupUuid>57966c08-1e68-4939-a175-18b08cc4b4f9</groupUuid>
        </groups>
    </admins>
    <ruleSet/>
    <history>
        <historyInfo versionUuid="57966c08-1e68-4939-a175-18b08cc4b4f9"/>
        <historyInfo versionUuid="_e-0000ebf9-1d05-8000-bab7-011e94011e94_5660"/>
    </history>
</groupHaul>
