<?xml version="1.0" encoding="UTF-8" standalone="yes"?>
<contentHaul xmlns:a="http://www.appian.com/ae/types/2009">
    <versionUuid>_a-0000ebf9-1d05-8000-baba-01ef9001ef90_781851</versionUuid>
    <constant>
        <name>SG_USER_IMAGES</name>
        <uuid>_a-0000ebf9-1d05-8000-baba-01ef9001ef90_781625</uuid>
        <description>Constant reference to the SG User Images 

1. John Snow 
2. Sansa Stark 
3. Cersei 
4. Arya Stark 
5. Tyrion 
6. Daenerys 
7. Harvey 
8. Mike Ross 
9. Donna 
10. Jaime </description>
        <parentUuid>1b7c4120-1cc4-48ec-bb39-626f5b7b1375</parentUuid>
        <visibility>
            <advertise>false</advertise>
            <hierarchy>true</hierarchy>
            <indexable>true</indexable>
            <quota>false</quota>
            <searchable>true</searchable>
            <system>false</system>
            <unlogged>false</unlogged>
        </visibility>
        <typedValue>
            <type>
                <name>CollaborationDocument?list</name>
                <namespace>http://www.appian.com/ae/types/2009</namespace>
            </type>
            <value>
                <el>_a-0000ebf9-1d05-8000-baba-01ef9001ef90_781619</el>
                <el>_a-0000ebf9-1d05-8000-baba-01ef9001ef90_781711</el>
                <el>_a-0000ebf9-1d05-8000-baba-01ef9001ef90_781699</el>
                <el>_a-0000ebf9-1d05-8000-baba-01ef9001ef90_781687</el>
                <el>_a-0000ebf9-1d05-8000-baba-01ef9001ef90_781675</el>
                <el>_a-0000ebf9-1d05-8000-baba-01ef9001ef90_781656</el>
                <el>_a-0000ebf9-1d05-8000-baba-01ef9001ef90_781743</el>
                <el>_a-0000ebf9-1d05-8000-baba-01ef9001ef90_781778</el>
                <el>_a-0000ebf9-1d05-8000-baba-01ef9001ef90_781818</el>
                <el>_a-0000ebf9-1d05-8000-baba-01ef9001ef90_781731</el>
            </value>
        </typedValue>
        <isEnvironmentSpecific>false</isEnvironmentSpecific>
    </constant>
    <roleMap public="true">
        <role inherit="true" allowForAll="false" name="readers">
            <users/>
            <groups/>
        </role>
        <role inherit="true" allowForAll="false" name="authors">
            <users/>
            <groups/>
        </role>
        <role inherit="true" allowForAll="false" name="administrators">
            <users/>
            <groups/>
        </role>
        <role inherit="false" allowForAll="false" name="denyReaders">
            <users/>
            <groups/>
        </role>
        <role inherit="false" allowForAll="false" name="denyAuthors">
            <users/>
            <groups/>
        </role>
        <role inherit="false" allowForAll="false" name="denyAdministrators">
            <users/>
            <groups/>
        </role>
    </roleMap>
    <history>
        <historyInfo versionUuid="_a-0000ebf9-1d05-8000-baba-01ef9001ef90_781851"/>
    </history>
</contentHaul>
