<?xml version="1.0" encoding="UTF-8" standalone="yes"?>
<contentHaul xmlns:a="http://www.appian.com/ae/types/2009">
    <versionUuid>_a-0000ebf9-1d05-8000-baba-01ef9001ef90_781578</versionUuid>
    <interface>
        <name>SG_PAGING_LayoutForEditableGrid</name>
        <uuid>_a-0000ebf9-2fb3-8000-0705-01ef9001ef90_3196118</uuid>
        <description>Holds section for Paging Layout for Editable grid</description>
        <parentUuid>1b7c4120-1cc4-48ec-bb39-626f5b7b1375</parentUuid>
        <visibility>
            <advertise>false</advertise>
            <hierarchy>true</hierarchy>
            <indexable>true</indexable>
            <quota>false</quota>
            <searchable>true</searchable>
            <system>false</system>
            <unlogged>false</unlogged>
        </visibility>
        <definition>if(
  and(
    ri!totalCount &gt; index(
      ri!pagingInfo,
      "batchSize",
      null()
    ),
    index(
      ri!pagingInfo,
      "batchSize",
      null()
    ) &gt; 0
  ),
  with(
    local!previousDisabled: index(
      ri!pagingInfo,
      "startIndex",
      null()
    ) = 1,
    local!nextDisabled: or(
      index(
        ri!pagingInfo,
        "startIndex",
        null()
      ) + index(
        ri!pagingInfo,
        "batchSize",
        null()
      ) &gt; ri!totalCount,
      index(
        ri!pagingInfo,
        "batchSize",
        null()
      ) = - 1
    ),
    #"SYSTEM_SYSRULES_richTextDisplayField"(
      labelPosition: "COLLAPSED",
      align: "RIGHT",
      value: {
        #"SYSTEM_SYSRULES_richTextItem_v1"(
          text: char(
            12298
          ),
          style: "STRONG",
          linkStyle: "STANDALONE",
          link: if(
            local!previousDisabled,
            null,
            #"SYSTEM_SYSRULES_dynamicLink"(
              value: 1,
              saveInto: {
                ri!pagingInfo.startIndex,
                ri!addSaveIntos
              }
            )
          )
        ),
        #"SYSTEM_SYSRULES_richTextItem_v1"(
          text: "  "
        ),
        #"SYSTEM_SYSRULES_richTextItem_v1"(
          text: char(
            12296
          ),
          style: "STRONG",
          linkStyle: "STANDALONE",
          link: if(
            local!previousDisabled,
            null,
            #"SYSTEM_SYSRULES_dynamicLink"(
              value: index(
                ri!pagingInfo,
                "startIndex",
                null
              ) - index(
                ri!pagingInfo,
                "batchSize",
                null
              ),
              saveInto: {
                ri!pagingInfo.startIndex,
                ri!addSaveIntos
              }
            )
          )
        ),
        #"SYSTEM_SYSRULES_richTextItem_v1"(
          text: "  "
        ),
        #"SYSTEM_SYSRULES_richTextItem_v1"(
          text: index(
            ri!pagingInfo,
            "startIndex",
            null
          ) &amp; " - " &amp; if(
            index(
              ri!pagingInfo,
              "batchSize",
              null
            ) = - 1,
            ri!totalCount,
            min(
              ri!totalCount - index(
                ri!pagingInfo,
                "startIndex",
                null
              ) + 1,
              index(
                ri!pagingInfo,
                "batchSize",
                null
              )
            ) - 1 + index(
              ri!pagingInfo,
              "startIndex",
              null
            )
          ),
          style: "STRONG"
        ),
        " of " &amp; ri!totalCount,
        #"SYSTEM_SYSRULES_richTextItem_v1"(
          text: "  "
        ),
        #"SYSTEM_SYSRULES_richTextItem_v1"(
          text: char(
            12297
          ),
          style: "STRONG",
          linkStyle: "STANDALONE",
          link: if(
            local!nextDisabled,
            null,
            #"SYSTEM_SYSRULES_dynamicLink"(
              value: index(
                ri!pagingInfo,
                "startIndex",
                null
              ) + index(
                ri!pagingInfo,
                "batchSize",
                null
              ),
              saveInto: {
                ri!pagingInfo.startIndex,
                ri!addSaveIntos
              }
            )
          )
        ),
        #"SYSTEM_SYSRULES_richTextItem_v1"(
          text: "  "
        ),
        #"SYSTEM_SYSRULES_richTextItem_v1"(
          text: char(
            12299
          ),
          style: "STRONG",
          linkStyle: "STANDALONE",
          link: if(
            local!nextDisabled,
            null,
            #"SYSTEM_SYSRULES_dynamicLink"(
              value: if(
                mod(
                  ri!totalCount,
                  index(
                    ri!pagingInfo,
                    "batchSize",
                    null
                  ),

                ) = 0,
                if(
                  index(
                    ri!pagingInfo,
                    "startIndex",
                    null
                  ) = ri!totalCount - index(
                    ri!pagingInfo,
                    "batchSize",
                    null
                  ),
                  index(
                    ri!pagingInfo,
                    "startIndex",
                    null
                  ) + index(
                    ri!pagingInfo,
                    "batchSize",
                    null
                  ),
                  ri!totalCount - index(
                    ri!pagingInfo,
                    "batchSize",
                    null
                  ) + index(
                    ri!pagingInfo,
                    "startIndex",
                    null
                  )
                ),
                ri!totalCount - mod(
                  ri!totalCount,
                  index(
                    ri!pagingInfo,
                    "batchSize",
                    null
                  )
                ) + 1
              ),
              saveInto: {
                ri!pagingInfo.startIndex,
                ri!addSaveIntos
              }
            )
          )
        )
      },
      showWhen: ri!showWhen
    )
  ),
  {}
)</definition>
        <namedTypedValue>
            <name>totalCount</name>
            <type>
                <name>int</name>
                <namespace>http://www.w3.org/2001/XMLSchema</namespace>
            </type>
        </namedTypedValue>
        <namedTypedValue>
            <name>pagingInfo</name>
            <type>
                <name>PagingInfo</name>
                <namespace>http://www.appian.com/ae/types/2009</namespace>
            </type>
        </namedTypedValue>
        <namedTypedValue>
            <name>showWhen</name>
            <type>
                <name>boolean</name>
                <namespace>http://www.w3.org/2001/XMLSchema</namespace>
            </type>
        </namedTypedValue>
        <namedTypedValue>
            <name>addSaveIntos</name>
            <type>
                <name>Save?list</name>
                <namespace>http://www.appian.com/ae/types/2009</namespace>
            </type>
        </namedTypedValue>
        <preferredEditor>interface</preferredEditor>
        <offlineEnabled>false</offlineEnabled>
        <isCustom>false</isCustom>
    </interface>
    <roleMap public="true">
        <role inherit="true" allowForAll="false" name="readers">
            <users/>
            <groups/>
        </role>
        <role inherit="true" allowForAll="false" name="authors">
            <users/>
            <groups/>
        </role>
        <role inherit="true" allowForAll="false" name="administrators">
            <users/>
            <groups/>
        </role>
        <role inherit="false" allowForAll="false" name="denyReaders">
            <users/>
            <groups/>
        </role>
        <role inherit="false" allowForAll="false" name="denyAuthors">
            <users/>
            <groups/>
        </role>
        <role inherit="false" allowForAll="false" name="denyAdministrators">
            <users/>
            <groups/>
        </role>
    </roleMap>
    <history>
        <historyInfo versionUuid="_a-0000ebf9-2fb3-8000-0705-01ef9001ef90_3196123"/>
        <historyInfo versionUuid="_a-0000ebf9-1d05-8000-baba-01ef9001ef90_781578"/>
    </history>
</contentHaul>
