<?xml version="1.0" encoding="UTF-8" standalone="yes"?>
<contentHaul xmlns:a="http://www.appian.com/ae/types/2009">
    <versionUuid>_a-0000ebf9-1d05-8000-baba-01ef9001ef90_785898</versionUuid>
    <interface>
        <name>SG_SEC_GRID_CustomerInformation</name>
        <uuid>_a-0000ebf9-2fb3-8000-0705-01ef9001ef90_3196088</uuid>
        <description>Grid for Customer information</description>
        <parentUuid>1b7c4120-1cc4-48ec-bb39-626f5b7b1375</parentUuid>
        <visibility>
            <advertise>false</advertise>
            <hierarchy>true</hierarchy>
            <indexable>true</indexable>
            <quota>false</quota>
            <searchable>true</searchable>
            <system>false</system>
            <unlogged>false</unlogged>
        </visibility>
        <definition>#"SYSTEM_SYSRULES_gridLayout"(
  headerCells: if(
    ri!isSecondaryGrid = true,
    {
      #"SYSTEM_SYSRULES_gridLayoutHeaderCell"(),
      #"SYSTEM_SYSRULES_gridLayoutHeaderCell"(),
      #"SYSTEM_SYSRULES_gridLayoutHeaderCell"(),
      #"SYSTEM_SYSRULES_gridLayoutHeaderCell"(),
      #"SYSTEM_SYSRULES_gridLayoutHeaderCell"(),
      #"SYSTEM_SYSRULES_gridLayoutHeaderCell"(),
      #"SYSTEM_SYSRULES_gridLayoutHeaderCell"(),
      #"SYSTEM_SYSRULES_gridLayoutHeaderCell"()
    },
    {
      #"SYSTEM_SYSRULES_gridLayoutHeaderCell"(),
      #"SYSTEM_SYSRULES_gridLayoutHeaderCell"(),
      #"SYSTEM_SYSRULES_gridLayoutHeaderCell"(label: "Name", align: "CENTER"),
      #"SYSTEM_SYSRULES_gridLayoutHeaderCell"(label: "Email", align: "CENTER"),
      #"SYSTEM_SYSRULES_gridLayoutHeaderCell"(label: "Position Type", align: "CENTER"),
      #"SYSTEM_SYSRULES_gridLayoutHeaderCell"(label: "Organization", align: "CENTER"),
      #"SYSTEM_SYSRULES_gridLayoutHeaderCell"(label: "Experience", align: "CENTER"),
      #"SYSTEM_SYSRULES_gridLayoutHeaderCell"()
    }
  ),
  columnConfigs: {
    #"SYSTEM_SYSRULES_gridLayoutColumnConfig"(width: "ICON"),
    #"SYSTEM_SYSRULES_gridLayoutColumnConfig"(width: "NARROW"),
    #"SYSTEM_SYSRULES_gridLayoutColumnConfig"(width: "DISTRIBUTE"),
    #"SYSTEM_SYSRULES_gridLayoutColumnConfig"(width: "DISTRIBUTE"),
    #"SYSTEM_SYSRULES_gridLayoutColumnConfig"(width: "DISTRIBUTE"),
    #"SYSTEM_SYSRULES_gridLayoutColumnConfig"(width: "DISTRIBUTE"),
    #"SYSTEM_SYSRULES_gridLayoutColumnConfig"(width: "DISTRIBUTE"),
    #"SYSTEM_SYSRULES_gridLayoutColumnConfig"(width: "ICON")
  },
  rows: #"SYSTEM_SYSRULES_forEach"(
    #"_a-0000ebf9-2fb3-8000-0705-01ef9001ef90_3196159"(
      data: ri!customerData,
      isSecondaryGrid: ri!isSecondaryGrid,
      selectedIndex: ri!selectedIndex
    ),
    #"SYSTEM_SYSRULES_gridRowLayout"(
      id: fv!item.id,
      contents: {
        #"SYSTEM_SYSRULES_richTextDisplayField"(
          value: {
            /*a!richTextIcon(*/
            /*icon: if(*/
            /*and(*/
            /*not(*/
            /*a!isNullOrEmpty(ri!selectedCustomerData)*/
            /*),*/
            /*tostring(*/
            /*index(ri!selectedCustomerData, "email", null)*/
            /*) = tostring(index(fv!item, "email", null))*/
            /*),*/
            /*"compress-arrows",*/
            /*"expand"*/
            /*),*/
            /*link: a!dynamicLink(*/
            /*saveInto: if(*/
            /*tostring(*/
            /*index(ri!selectedCustomerData, "email", null)*/
            /*) &lt;&gt; tostring(index(fv!item, "email", null)),*/
            /*{*/
            /*a!save(ri!selectedCustomerData, fv!item),*/
            /*a!save(*/
            /*ri!selectedIndex,*/
            /*wherecontains(*/
            /*index(fv!item, "email", null),*/
            /*index(ri!customerData, "email", null)*/
            /*)*/
            /*)*/
            /*},*/
            /*a!save(*/
            /*{*/
            /*ri!selectedCustomerData,*/
            /*ri!selectedIndex*/
            /*},*/
            /*null*/
            /*)*/
            /*)*/
            /*),*/
            /*linkStyle: "STANDALONE",*/
            /*color: if(*/
            /*and(*/
            /*not(*/
            /*a!isNullOrEmpty(ri!selectedCustomerData)*/
            /*),*/
            /*tostring(*/
            /*index(ri!selectedCustomerData, "email", null)*/
            /*) = tostring(index(fv!item, "email", null))*/
            /*),*/
            /*"#008000",*/
            /*"#1F51FF"*/
            /*),*/
            /*size: "MEDIUM"*/
            /*)*/
            
          },
          align: "CENTER"
        ),
        #"SYSTEM_SYSRULES_imageField_v1"(
          images: #"SYSTEM_SYSRULES_documentImage"(document: fv!item.documentImage),
          isThumbnail: true,
          size: "MEDIUM",
          style: "AVATAR",
          align: "CENTER"
        ),
        #"SYSTEM_SYSRULES_richTextDisplayField"(
          value: {
            #"SYSTEM_SYSRULES_richTextItem_v1"(
              text: fv!item.name,
              style: "STRONG",
              link: #"SYSTEM_SYSRULES_dynamicLink"(
                saveInto: if(
                  tostring(
                    index(ri!selectedCustomerData, "email", null)
                  ) &lt;&gt; tostring(index(fv!item, "email", null)),
                  {
                    a!save(ri!selectedCustomerData, fv!item),
                    a!save(
                      ri!selectedIndex,
                      wherecontains(
                        index(fv!item, "email", null),
                        index(ri!customerData, "email", null)
                      )
                    )
                  },
                  a!save(
                    {
                      ri!selectedCustomerData,
                      ri!selectedIndex
                    },
                    null
                  )
                )
              ),
              linkStyle: "STANDALONE"
            ),
            char(10),
            #"SYSTEM_SYSRULES_richTextItem_v1"(
              text: fv!item.position,
              size: "",
              style: "",
              color: "SECONDARY"
            )
          },
          align: "CENTER"
        ),
        #"SYSTEM_SYSRULES_richTextDisplayField"(
          value: {
            /*a!richTextIcon(icon: "envelope", color: "ACCENT"),char(32),*/
            #"SYSTEM_SYSRULES_richTextItem_v1"(
              text: fv!item.email,
              link: #"SYSTEM_SYSRULES_safeLink"(
                uri: concat("mailto:", fv!item.email),
                openLinkIn: "NEW_TAB"
              ),
              linkStyle: "STANDALONE",
              style: "STRONG"
            )
          },
          align: "CENTER"
        ),
        #"SYSTEM_SYSRULES_tagField"(
          size: "STANDARD",
          tags: #"SYSTEM_SYSRULES_tagItem"(
            text: fv!item.positionType,
            backgroundColor: if(
              contains(
                { "Full-time", "Part-time" },
                tostring(fv!item.positionType)
              ),
              "#365E32",
              "#BC7FCD"
            ),
            textColor: if(
              contains(
                { "Full-time", "Part-time" },
                tostring(fv!item.positionType)
              ),
              "#FFFFFF",
              "#FFFFFF"
            ),
            
          ),
          align: "CENTER"
        ),
        #"SYSTEM_SYSRULES_richTextDisplayField"(
          value: {
            #"SYSTEM_SYSRULES_richTextItem_v1"(text: fv!item.company, style: "STRONG", ),
            char(10),
            #"SYSTEM_SYSRULES_richTextItem_v1"(
              text: fv!item.location,
              style: "",
              color: "SECONDARY"
            )
          },
          align: "CENTER"
        ),
        #"SYSTEM_SYSRULES_richTextDisplayField"(
          value: #"SYSTEM_SYSRULES_richTextItem_v1"(
            text: concat(fv!item.experience, " years"),
            style: "STRONG"
          ),
          align: "CENTER"
        ),
        #"SYSTEM_SYSRULES_richTextDisplayField"(
          label: "",
          labelPosition: "COLLAPSED",
          value: {
            #"SYSTEM_SYSRULES_richTextIcon"(
              icon: "ellipsis-v",
              color: "SECONDARY",
              size: "MEDIUM",
              
            )
          },
          align: "LEFT"
        )
      }
    )
  ),
  shadeAlternateRows: false,
  borderStyle: "LIGHT",
  showWhen: if(
    ri!isSecondaryGrid = true(),
    if(
      a!isNullOrEmpty(value: ri!selectedIndex),
      false(),
      not(
        ri!selectedIndex = count(ri!customerData)
      )
    ),
    true()
  )
)</definition>
        <namedTypedValue>
            <name>isSecondaryGrid</name>
            <type>
                <name>boolean</name>
                <namespace>http://www.w3.org/2001/XMLSchema</namespace>
            </type>
        </namedTypedValue>
        <namedTypedValue>
            <name>selectedIndex</name>
            <type>
                <name>int</name>
                <namespace>http://www.w3.org/2001/XMLSchema</namespace>
            </type>
        </namedTypedValue>
        <namedTypedValue>
            <name>customerData</name>
            <type>
                <name>Map?list</name>
                <namespace>http://www.appian.com/ae/types/2009</namespace>
            </type>
        </namedTypedValue>
        <namedTypedValue>
            <name>selectedCustomerData</name>
            <type>
                <name>Map</name>
                <namespace>http://www.appian.com/ae/types/2009</namespace>
            </type>
        </namedTypedValue>
        <preferredEditor>interface</preferredEditor>
        <offlineEnabled>false</offlineEnabled>
        <isCustom>false</isCustom>
    </interface>
    <roleMap public="true">
        <role inherit="true" allowForAll="false" name="readers">
            <users/>
            <groups/>
        </role>
        <role inherit="true" allowForAll="false" name="authors">
            <users/>
            <groups/>
        </role>
        <role inherit="true" allowForAll="false" name="administrators">
            <users/>
            <groups/>
        </role>
        <role inherit="false" allowForAll="false" name="denyReaders">
            <users/>
            <groups/>
        </role>
        <role inherit="false" allowForAll="false" name="denyAuthors">
            <users/>
            <groups/>
        </role>
        <role inherit="false" allowForAll="false" name="denyAdministrators">
            <users/>
            <groups/>
        </role>
    </roleMap>
    <typedValue>
        <type>
            <name>RuleTestConfig?list</name>
            <namespace>http://www.appian.com/ae/types/2009</namespace>
        </type>
        <value>
            <el>
                <a:name/>
                <a:ruleInputTestConfigs>
                    <a:value xmlns:xsd="http://www.w3.org/2001/XMLSchema" xmlns:xsi="http://www.w3.org/2001/XMLSchema-instance" xsi:nil="true" xsi:type="xsd:boolean"/>
                    <a:nameRef>isSecondaryGrid</a:nameRef>
                    <a:id>1</a:id>
                </a:ruleInputTestConfigs>
                <a:ruleInputTestConfigs>
                    <a:value xmlns:xsd="http://www.w3.org/2001/XMLSchema" xmlns:xsi="http://www.w3.org/2001/XMLSchema-instance" xsi:nil="true" xsi:type="xsd:int"/>
                    <a:nameRef>selectedIndex</a:nameRef>
                    <a:id>2</a:id>
                </a:ruleInputTestConfigs>
                <a:ruleInputTestConfigs>
                    <a:value xmlns:xsi="http://www.w3.org/2001/XMLSchema-instance" xsi:type="a:Expression">#"_a-0000ebf9-2fb3-8000-0705-01ef9001ef90_3196125"()</a:value>
                    <a:nameRef>customerData</a:nameRef>
                    <a:id>3</a:id>
                </a:ruleInputTestConfigs>
                <a:ruleInputTestConfigs>
                    <a:value xmlns:xsi="http://www.w3.org/2001/XMLSchema-instance" xsi:type="a:Expression">null</a:value>
                    <a:nameRef>selectedCustomerData</a:nameRef>
                    <a:id>4</a:id>
                </a:ruleInputTestConfigs>
                <a:assertions xmlns:xsi="http://www.w3.org/2001/XMLSchema-instance" xsi:nil="true"/>
            </el>
        </value>
    </typedValue>
    <history>
        <historyInfo versionUuid="_a-0000ebf9-2fb3-8000-0705-01ef9001ef90_3196200"/>
        <historyInfo versionUuid="_a-0000ebf9-1d05-8000-baba-01ef9001ef90_785898"/>
    </history>
</contentHaul>
