<?xml version="1.0" encoding="UTF-8" standalone="yes"?>
<contentHaul xmlns:a="http://www.appian.com/ae/types/2009">
    <versionUuid>_a-0000ebf9-1d05-8000-baba-01ef9001ef90_781587</versionUuid>
    <rule>
        <name>SG_RULE_returnSplitDataBasedOnSelectedIndex</name>
        <uuid>_a-0000ebf9-2fb3-8000-0705-01ef9001ef90_3196159</uuid>
        <description>Rule to get data based on selected index</description>
        <parentUuid>1b7c4120-1cc4-48ec-bb39-626f5b7b1375</parentUuid>
        <visibility>
            <advertise>false</advertise>
            <hierarchy>true</hierarchy>
            <indexable>true</indexable>
            <quota>false</quota>
            <searchable>true</searchable>
            <system>false</system>
            <unlogged>false</unlogged>
        </visibility>
        <definition>with(
  local!currentCount: count(ri!data),
  local!currentIndex: if(
    tointeger(local!currentCount) = 0,
    null(),
    if(
      ri!isSecondaryGrid = true(),
      if(
        a!isNullOrEmpty(value: ri!selectedIndex),
        null(),
        {
          if(
            ri!selectedIndex &gt;= local!currentCount,
            "",
            enumerate(local!currentCount - ri!selectedIndex) + ri!selectedIndex + 1
          )
        }
      ),
      if(
        a!isNullOrEmpty(value: ri!selectedIndex),
        enumerate(local!currentCount) + 1,
        { enumerate(ri!selectedIndex) + 1 }
      )
    )
  ),
  if(
    a!isNullOrEmpty(value: local!currentIndex),
    null(),
    index(ri!data, local!currentIndex, null())
  )
)</definition>
        <namedTypedValue>
            <name>data</name>
            <type>
                <name>Variant</name>
                <namespace>http://www.appian.com/ae/types/2009</namespace>
            </type>
        </namedTypedValue>
        <namedTypedValue>
            <name>isSecondaryGrid</name>
            <type>
                <name>boolean</name>
                <namespace>http://www.w3.org/2001/XMLSchema</namespace>
            </type>
        </namedTypedValue>
        <namedTypedValue>
            <name>selectedIndex</name>
            <type>
                <name>int</name>
                <namespace>http://www.w3.org/2001/XMLSchema</namespace>
            </type>
        </namedTypedValue>
        <preferredEditor>legacy</preferredEditor>
        <offlineEnabled>false</offlineEnabled>
    </rule>
    <roleMap public="true">
        <role inherit="true" allowForAll="false" name="readers">
            <users/>
            <groups/>
        </role>
        <role inherit="true" allowForAll="false" name="authors">
            <users/>
            <groups/>
        </role>
        <role inherit="true" allowForAll="false" name="administrators">
            <users/>
            <groups/>
        </role>
        <role inherit="false" allowForAll="false" name="denyReaders">
            <users/>
            <groups/>
        </role>
        <role inherit="false" allowForAll="false" name="denyAuthors">
            <users/>
            <groups/>
        </role>
        <role inherit="false" allowForAll="false" name="denyAdministrators">
            <users/>
            <groups/>
        </role>
    </roleMap>
    <history>
        <historyInfo versionUuid="_a-0000ebf9-2fb3-8000-0705-01ef9001ef90_3196171"/>
        <historyInfo versionUuid="_a-0000ebf9-1d05-8000-baba-01ef9001ef90_781587"/>
    </history>
</contentHaul>
