<?xml version="1.0" encoding="UTF-8"?>
<siteHaul xmlns:a="http://www.appian.com/ae/types/2009" xmlns:xsi="http://www.w3.org/2001/XMLSchema-instance">
  <versionUuid>02bd5892-1d01-4f12-bcf7-c5e52b1fbe75</versionUuid>
  <site a:uuid="f69b49c6-9462-4e98-8f7c-abae56ea3c4d" name="SG Home">
    <description/>
    <urlStub>home</urlStub>
    <page a:uuid="a266dab8-b945-47cd-b43d-e65fba39f4a4">
      <staticName>Candidates</staticName>
      <description/>
      <urlStub>candidates</urlStub>
      <uiObject a:uuid="_a-0000ebf9-2fb3-8000-0705-01ef9001ef90_3196080" xsi:type="a:ContentFreeformRule"/>
      <iconId>f532</iconId>
      <visibilityExpr>fn!true()</visibilityExpr>
      <pageWidth>WIDE</pageWidth>
      <areUrlParamsEncrypted>true</areUrlParamsEncrypted>
      <autoContextUpdateEnabled>false</autoContextUpdateEnabled>
    </page>
    <visibility>268435456</visibility>
    <selectedTabBackgroundColor>#3fa7ce</selectedTabBackgroundColor>
    <faviconRef a:uuid="SYSTEM_CONTENT_SITES_DEFAULT_FAVICON" xsi:type="a:CollaborationDocument"/>
    <logoRef a:uuid="SYSTEM_CONTENT_SITES_DEFAULT_LOGO" xsi:type="a:CollaborationDocument"/>
    <accentColor>#082B53</accentColor>
    <showName>false</showName>
    <tempoLinkVisibility>HIDDEN</tempoLinkVisibility>
    <showRecordNews>true</showRecordNews>
    <tasksInSitesVisibility>HIDDEN</tasksInSitesVisibility>
    <buttonShape>SQUARED</buttonShape>
    <navigationBarStyle>STYLE2</navigationBarStyle>
    <inputShape>SQUARED</inputShape>
    <isSystem>false</isSystem>
    <displayName>Home</displayName>
    <isStaticDisplayName>true</isStaticDisplayName>
    <nameExprIsEvaluable>true</nameExprIsEvaluable>
    <primaryNavLayoutType>TOPBAR</primaryNavLayoutType>
  </site>
  <roleMap>
    <role name="site_administrator">
      <users/>
      <groups>
        <groupUuid>57966c08-1e68-4939-a175-18b08cc4b4f9</groupUuid>
      </groups>
    </role>
    <role name="site_viewer">
      <users/>
      <groups>
        <groupUuid>f159ba93-5be2-4e14-9d13-95b5402aa207</groupUuid>
      </groups>
    </role>
  </roleMap>
  <history>
    <historyInfo versionUuid="02bd5892-1d01-4f12-bcf7-c5e52b1fbe75"/>
  </history>
</siteHaul>
