<?xml version="1.0" encoding="UTF-8" standalone="yes"?>
<groupHaul xmlns:a="http://www.appian.com/ae/types/2009">
    <versionUuid>f159ba93-5be2-4e14-9d13-95b5402aa207</versionUuid>
    <group>
        <name>SG Users</name>
        <securityMap>SECURITYMAP_TEAM</securityMap>
        <uuid>f159ba93-5be2-4e14-9d13-95b5402aa207</uuid>
        <groupTypeUuid>SYSTEM_GROUP_TYPE_CUSTOM</groupTypeUuid>
        <description>Assigns Viewer permissions to users for objects in the application</description>
        <delegatedCreation>false</delegatedCreation>
        <memberPolicy>MEMBERPOLICY_CLOSED</memberPolicy>
        <viewingPolicy>VIEWINGPOLICY_LOW</viewingPolicy>
        <attributes/>
    </group>
    <members>
        <users/>
        <groups>
            <groupUuid>57966c08-1e68-4939-a175-18b08cc4b4f9</groupUuid>
        </groups>
    </members>
    <admins>
        <users/>
        <groups>
            <groupUuid>57966c08-1e68-4939-a175-18b08cc4b4f9</groupUuid>
        </groups>
    </admins>
    <ruleSet/>
    <history>
        <historyInfo versionUuid="f159ba93-5be2-4e14-9d13-95b5402aa207"/>
    </history>
</groupHaul>
