<?xml version="1.0" encoding="UTF-8" standalone="yes"?>
<contentHaul xmlns:a="http://www.appian.com/ae/types/2009">
    <versionUuid>_a-0000ebf9-1d05-8000-baba-01ef9001ef90_784170</versionUuid>
    <interface>
        <name>SG_Dashboard_GRID</name>
        <uuid>_a-0000ebf9-2fb3-8000-0705-01ef9001ef90_3196080</uuid>
        <description>Main dashboard holding grid</description>
        <parentUuid>1b7c4120-1cc4-48ec-bb39-626f5b7b1375</parentUuid>
        <visibility>
            <advertise>false</advertise>
            <hierarchy>true</hierarchy>
            <indexable>true</indexable>
            <quota>false</quota>
            <searchable>true</searchable>
            <system>false</system>
            <unlogged>false</unlogged>
        </visibility>
        <definition>a!localVariables(
  local!allData: #"_a-0000ebf9-2fb3-8000-0705-01ef9001ef90_3196125"(),
  local!pagingInfo: #"SYSTEM_SYSRULES_pagingInfo"(
    startIndex: 1,
    batchSize: 10,
    sort: #"SYSTEM_SYSRULES_sortInfo"(field: "id", ascending: true)
  ),
  /*Configure the pagingInfo into the customerData query*/
  local!customerData: todatasubset(local!allData, local!pagingInfo).data,
  local!selectedIndex,
  local!selectedCustomerData,
  #"SYSTEM_SYSRULES_cardLayout"(
    contents: {
      #"SYSTEM_SYSRULES_richTextDisplayField"(
        value: #"SYSTEM_SYSRULES_richTextItem_v1"(
          text: "Candidates",
          size: "MEDIUM",
          style: "STRONG"
        )
      ),
      #"_a-0000ebf9-2fb3-8000-0705-01ef9001ef90_3196088"(
        isSecondaryGrid: false,
        customerData: local!customerData,
        selectedIndex: local!selectedIndex,
        selectedCustomerData: local!selectedCustomerData
      ),
      #"_a-0000ebf9-2fb3-8000-0705-01ef9001ef90_3196095"(
        selectedIndex: local!selectedIndex,
        selectedCustomerData: local!selectedCustomerData
      ),
      #"_a-0000ebf9-2fb3-8000-0705-01ef9001ef90_3196088"(
        isSecondaryGrid: true,
        customerData: local!customerData,
        selectedIndex: local!selectedIndex,
        selectedCustomerData: local!selectedCustomerData
      ),
      #"_a-0000ebf9-2fb3-8000-0705-01ef9001ef90_3196118"(
        pagingInfo: local!pagingInfo,
        addSaveIntos: {
          a!save(
            {
              local!selectedIndex,
              local!selectedCustomerData
            },
            null
          )
        },
        totalCount: count(local!allData)
      )
    },
    shape: "ROUNDED",
    showBorder: false,
    style: "#E8F0F7",
    showShadow: true
  )
)</definition>
        <preferredEditor>interface</preferredEditor>
        <offlineEnabled>false</offlineEnabled>
        <isCustom>false</isCustom>
    </interface>
    <roleMap public="true">
        <role inherit="true" allowForAll="false" name="readers">
            <users/>
            <groups/>
        </role>
        <role inherit="true" allowForAll="false" name="authors">
            <users/>
            <groups/>
        </role>
        <role inherit="true" allowForAll="false" name="administrators">
            <users/>
            <groups/>
        </role>
        <role inherit="false" allowForAll="false" name="denyReaders">
            <users/>
            <groups/>
        </role>
        <role inherit="false" allowForAll="false" name="denyAuthors">
            <users/>
            <groups/>
        </role>
        <role inherit="false" allowForAll="false" name="denyAdministrators">
            <users/>
            <groups/>
        </role>
    </roleMap>
    <history>
        <historyInfo versionUuid="_a-0000ebf9-2fb3-8000-0705-01ef9001ef90_3196233"/>
        <historyInfo versionUuid="_a-0000ebf9-1d05-8000-baba-01ef9001ef90_784170"/>
    </history>
</contentHaul>
