<?xml version="1.0" encoding="UTF-8" standalone="yes"?>
<contentHaul xmlns:a="http://www.appian.com/ae/types/2009">
    <versionUuid>_a-0000ebf9-1d05-8000-baba-01ef9001ef90_782737</versionUuid>
    <rule>
        <name>SG_TEST_DATA_CustomerInformation</name>
        <uuid>_a-0000ebf9-2fb3-8000-0705-01ef9001ef90_3196125</uuid>
        <description></description>
        <parentUuid>1b7c4120-1cc4-48ec-bb39-626f5b7b1375</parentUuid>
        <visibility>
            <advertise>false</advertise>
            <hierarchy>true</hierarchy>
            <indexable>true</indexable>
            <quota>false</quota>
            <searchable>true</searchable>
            <system>false</system>
            <unlogged>false</unlogged>
        </visibility>
        <definition>{
  a!map(
    "id": 1,
    "name": "John Snow",
    "company": "Prometheus",
    "experience": 9,
    "email": "JohnSnow.king@Prometheus.com",
    "location": "Winterfell, Westeros",
    "positionType": "Full-time",
    "position": "Lead Technical Consultant",
    "documentImage": #"_a-0000ebf9-1d05-8000-baba-01ef9001ef90_781625"[1]
  ),
  a!map(
    "id": 2,
    "name": "Daenerys Targaryen",
    "company": "Dragonstone Corporation",
    "experience": 12,
    "email": "khaleesi.dragonqueen@gmail.com",
    "location": "Dragonstone, Essos",
    "positionType": "Full-time",
    "position": "Chief Strategist",
    "documentImage": #"_a-0000ebf9-1d05-8000-baba-01ef9001ef90_781625"[6]
  ),
  a!map(
    "id": 3,
    "name": "Tyrion Lannister",
    "company": "Lannister Enterprises",
    "experience": 15,
    "email": "tyrion.lannister@lannister.com",
    "location": "King's Landing, Westeros",
    "positionType": "Part-time",
    "position": "Financial Advisor",
    "documentImage": #"_a-0000ebf9-1d05-8000-baba-01ef9001ef90_781625"[5]
  ),
  a!map(
    "id": 4,
    "name": "Arya Stark",
    "company": "North Face Solutions",
    "experience": 7,
    "email": "arya.stark@faceless.com",
    "location": "Braavos, Essos",
    "positionType": "Contract",
    "position": "Espionage Specialist",
    "documentImage": #"_a-0000ebf9-1d05-8000-baba-01ef9001ef90_781625"[4]
  ),
  a!map(
    "id": 5,
    "name": "Cersei Lannister",
    "company": "Queen's Court Holdings",
    "experience": 20,
    "email": "cersei.lannister@queenscourt.com",
    "location": "King's Landing, Westeros",
    "positionType": "Contract",
    "position": "Executive Officer",
    "documentImage": #"_a-0000ebf9-1d05-8000-baba-01ef9001ef90_781625"[3]
  ),
  a!map(
    "id": 6,
    "name": "Sansa Stark",
    "company": "Winterfell Industries",
    "experience": 10,
    "email": "sansa.stark@winterfell.com",
    "location": "Winterfell, Westeros",
    "positionType": "Full-time",
    "position": "Chief Administrator",
    "documentImage": #"_a-0000ebf9-1d05-8000-baba-01ef9001ef90_781625"[2]
  ),
  a!map(
    "id": 7,
    "name": "Jaime Lannister",
    "company": "Kingslayer Enterprises",
    "experience": 18,
    "email": "jaime.lannister@kingslayer.com",
    "location": "King's Landing, Westeros",
    "positionType": "Full-time",
    "position": "Strategic Advisor",
    "documentImage": #"_a-0000ebf9-1d05-8000-baba-01ef9001ef90_781625"[10]
  ),
  a!map(
    "id": 8,
    "name": "Harvey Specter",
    "company": "Pearson Specter Litt",
    "experience": 20,
    "email": "harvey.specter@pearsonspecter.com",
    "location": "New York City, US, US",
    "positionType": "Full-time",
    "position": "Managing Partner",
    "documentImage": #"_a-0000ebf9-1d05-8000-baba-01ef9001ef90_781625"[7]
  ),
  a!map(
    "id": 9,
    "name": "Mike Ross",
    "company": "Pearson Specter Litt",
    "experience": 5,
    "email": "mike.ross@pearsonspecter.com",
    "location": "New York City, US, US",
    "positionType": "Full-time",
    "position": "Junior Partner",
    "documentImage": #"_a-0000ebf9-1d05-8000-baba-01ef9001ef90_781625"[8]
  ),
  a!map(
    "id": 10,
    "name": "Donna Paulsen",
    "company": "Pearson Specter Litt",
    "experience": 15,
    "email": "donna.paulsen@pearsonspecter.com",
    "location": "New York City, US, US",
    "positionType": "Full-time",
    "position": "Chief Operating Officer",
    "documentImage": #"_a-0000ebf9-1d05-8000-baba-01ef9001ef90_781625"[9]
  ),
  a!map(
    "id": 11,
    "name": "Louis Litt",
    "company": "Pearson Specter Litt",
    "experience": 18,
    "email": "louis.litt@pearsonspecter.com",
    "location": "New York City, US, US",
    "positionType": "Full-time",
    "position": "Senior Partner",
    "documentImage": #"_a-0000ebf9-1d05-8000-baba-01ef9001ef90_781625"[7]
  ),
  a!map(
    "id": 12,
    "name": "Jessica Pearson",
    "company": "Pearson Specter Litt",
    "experience": 25,
    "email": "jessica.pearson@pearsonspecter.com",
    "location": "New York City, US",
    "positionType": "Full-time",
    "position": "Managing Partner",
    "documentImage": #"_a-0000ebf9-1d05-8000-baba-01ef9001ef90_781625"[2]
  ),
  a!map(
    "id": 13,
    "name": "Rachel Zane",
    "company": "Pearson Specter Litt",
    "experience": 7,
    "email": "rachel.zane@pearsonspecter.com",
    "location": "New York City, US",
    "positionType": "Full-time",
    "position": "Associate",
    "documentImage": #"_a-0000ebf9-1d05-8000-baba-01ef9001ef90_781625"[4]
  ),
  a!map(
    "id": 14,
    "name": "Alex Williams",
    "company": "Bratton Gould",
    "experience": 12,
    "email": "alex.williams@brattongould.com",
    "location": "New York City, US",
    "positionType": "Full-time",
    "position": "Senior Partner",
    "documentImage": #"_a-0000ebf9-1d05-8000-baba-01ef9001ef90_781625"[5]
  ),
  a!map(
    "id": 15,
    "name": "Katrina Bennett",
    "company": "Pearson Specter Litt",
    "experience": 10,
    "email": "katrina.bennett@pearsonspecter.com",
    "location": "New York City, US",
    "positionType": "Full-time",
    "position": "Senior Associate",
    "documentImage": #"_a-0000ebf9-1d05-8000-baba-01ef9001ef90_781625"[2]
  ),
  a!map(
    "id": 16,
    "name": "Robert Zane",
    "company": "Rand Kaldor Zane",
    "experience": 22,
    "email": "robert.zane@randkaldorzane.com",
    "location": "New York City, US",
    "positionType": "Full-time",
    "position": "Senior Partner",
    "documentImage": #"_a-0000ebf9-1d05-8000-baba-01ef9001ef90_781625"[8]
  ),
  a!map(
    "id": 17,
    "name": "Gretchen Bodinski",
    "company": "Pearson Specter Litt",
    "experience": 13,
    "email": "gretchen.bodinski@pearsonspecter.com",
    "location": "New York City, US",
    "positionType": "Full-time",
    "position": "Senior Secretary",
    "documentImage": #"_a-0000ebf9-1d05-8000-baba-01ef9001ef90_781625"[3]
  )
}</definition>
        <preferredEditor>legacy</preferredEditor>
        <offlineEnabled>false</offlineEnabled>
    </rule>
    <roleMap public="true">
        <role inherit="true" allowForAll="false" name="readers">
            <users/>
            <groups/>
        </role>
        <role inherit="true" allowForAll="false" name="authors">
            <users/>
            <groups/>
        </role>
        <role inherit="true" allowForAll="false" name="administrators">
            <users/>
            <groups/>
        </role>
        <role inherit="false" allowForAll="false" name="denyReaders">
            <users/>
            <groups/>
        </role>
        <role inherit="false" allowForAll="false" name="denyAuthors">
            <users/>
            <groups/>
        </role>
        <role inherit="false" allowForAll="false" name="denyAdministrators">
            <users/>
            <groups/>
        </role>
    </roleMap>
    <history>
        <historyInfo versionUuid="_a-0000ebf9-2fb3-8000-0705-01ef9001ef90_3196158"/>
        <historyInfo versionUuid="_a-0000ebf9-1d05-8000-baba-01ef9001ef90_782737"/>
    </history>
</contentHaul>
