<?xml version="1.0" encoding="UTF-8" standalone="yes"?>
<contentHaul xmlns:a="http://www.appian.com/ae/types/2009">
    <versionUuid>_a-0000ebf9-1d05-8000-baba-01ef9001ef90_785750</versionUuid>
    <interface>
        <name>SG_SEC_selectedCustomerInformation</name>
        <uuid>_a-0000ebf9-2fb3-8000-0705-01ef9001ef90_3196095</uuid>
        <description>Section to show selected customer information</description>
        <parentUuid>1b7c4120-1cc4-48ec-bb39-626f5b7b1375</parentUuid>
        <visibility>
            <advertise>false</advertise>
            <hierarchy>true</hierarchy>
            <indexable>true</indexable>
            <quota>false</quota>
            <searchable>true</searchable>
            <system>false</system>
            <unlogged>false</unlogged>
        </visibility>
        <definition>#"SYSTEM_SYSRULES_sectionLayout_v1"(
  contents: {
    #"SYSTEM_SYSRULES_cardLayout"(
      contents: #"SYSTEM_SYSRULES_columnsLayout"(
        showDividers: true,
        columns: {
          #"SYSTEM_SYSRULES_columnLayout"(
            contents: {
              #"SYSTEM_SYSRULES_richTextDisplayField"(
                value: {
                  #"SYSTEM_SYSRULES_richTextItem_v1"(
                    text: ri!selectedCustomerData.name,
                    color: "ACCENT",
                    size: "MEDIUM_PLUS",
                    style: "STRONG"
                  ),
                  char(10),
                  #"SYSTEM_SYSRULES_richTextItem_v1"(
                    text: ri!selectedCustomerData.position,
                    size: "SMALL"
                  )
                },
                align: "CENTER"
              ),
              #"SYSTEM_SYSRULES_richTextDisplayField"(
                value: {
                  #"SYSTEM_SYSRULES_richTextItem_v1"(text: concat("+91 99123 45678 ")),
                  #"SYSTEM_SYSRULES_richTextIcon"(
                    icon: "clone",
                    link: 'type!{http://www.appian.com/ae/types/2009}CopyToClipboardLink'(textToCopy: "+ 91 99123 45678 "),
                    linkStyle: "STANDALONE",
                    caption: "Copy to clipboard"
                  ),
                  #"SYSTEM_SYSRULES_richTextItem_v1"(
                    text: concat(
                      " |  ",
                      ri!selectedCustomerData.email,
                      " "
                    )
                  ),
                  #"SYSTEM_SYSRULES_richTextIcon"(
                    icon: "clone",
                    caption: "Copy to clipboard",
                    link: 'type!{http://www.appian.com/ae/types/2009}CopyToClipboardLink'(
                      textToCopy: ri!selectedCustomerData.email
                    ),
                    linkStyle: "STANDALONE"
                  )
                },
                align: "CENTER"
              ),
              #"SYSTEM_SYSRULES_richTextDisplayField"(
                value: {
                  #"SYSTEM_SYSRULES_richTextItem_v1"(
                    text: concat(
                      "I am a dedicated Appian developer with a passion for leveraging low-code technology to drive business innovation and efficiency. With ",
                      ri!selectedCustomerData.experience,
                      " years ",
                      "of experience in developing solutions on the Appian platform, I have a proven track record of delivering robust applications that streamline processes and enhance user experience."
                    )
                  )
                },
                align: "CENTER"
              ),
              #"SYSTEM_SYSRULES_horizontalLine"(
                weight: "THIN",
                marginAbove: "LESS",
                marginBelow: "LESS"
              ),
              #"SYSTEM_SYSRULES_richTextDisplayField"(
                value: #"SYSTEM_SYSRULES_richTextItem_v1"(
                  text: "Skills",
                  size: "MEDIUM",
                  style: "STRONG",
                  
                ),
                align: "CENTER",
                marginBelow: "NONE",
                marginAbove: "NONE"
              ),
              #"SYSTEM_SYSRULES_columnsLayout"(
                spacing: "NONE",
                marginAbove: "NONE",
                columns: {
                  /*a!columnLayout(width: "EXTRA_NARROW"),*/
                  #"SYSTEM_SYSRULES_columnLayout"(
                    #"SYSTEM_SYSRULES_tagField"(
                      marginAbove: "NONE",
                      marginBelow: "EVEN_LESS",
                      tags: {
                        #"SYSTEM_SYSRULES_tagItem"(text: "Appian"),
                        #"SYSTEM_SYSRULES_tagItem"(text: "Javascript"),
                        #"SYSTEM_SYSRULES_tagItem"(text: "Python"),
                        #"SYSTEM_SYSRULES_tagItem"(text: "SQL")
                      },
                      align: "CENTER"
                    )
                  )
                }
              )
            }
          ),
          #"SYSTEM_SYSRULES_columnLayout"(
            contents: {
              /*a!cardLayout(*/
              /*contents: */
              #"SYSTEM_SYSRULES_sectionLayout_v1"(
                label: "",
                labelHeadingTag: "H1",
                labelSize: "SMALL",
                contents: {
                  #"SYSTEM_SYSRULES_richTextDisplayField"(
                    value: {
                      #"SYSTEM_SYSRULES_richTextItem_v1"(
                        text: "Basic Information",
                        color: "ACCENT",
                        size: "MEDIUM_PLUS",
                        style: "STRONG"
                      ),
                      
                    },
                    align: ""
                  ),
                  #"SYSTEM_SYSRULES_columnsLayout"(
                    columns: {
                      #"SYSTEM_SYSRULES_columnLayout"(
                        contents: {
                          #"SYSTEM_SYSRULES_richTextDisplayField"(
                            label: "Date of Birth",
                            value: {
                              #"SYSTEM_SYSRULES_richTextIcon"(icon: "calendar-alt"),
                              #"SYSTEM_SYSRULES_richTextItem_v1"(
                                text: concat(
                                  " ",
                                  datetext(date(1998, 06, 24), "dd MMM yyyy")
                                )
                              )
                            }
                          ),
                          #"SYSTEM_SYSRULES_richTextDisplayField"(
                            label: "Last Working Day",
                            value: {
                              #"SYSTEM_SYSRULES_richTextIcon"(icon: "calendar"),
                              #"SYSTEM_SYSRULES_richTextItem_v1"(
                                text: concat(" ", datetext(today() + 45, "dd MMM yyyy"))
                              )
                            }
                          ),
                          #"SYSTEM_SYSRULES_richTextDisplayField"(
                            label: "Current Location",
                            value: {
                              #"SYSTEM_SYSRULES_richTextIcon"(icon: "map-marker"),
                              #"SYSTEM_SYSRULES_richTextItem_v1"(text: concat(" ", "Virginia, US"))
                            }
                          )
                        }
                      ),
                      #"SYSTEM_SYSRULES_columnLayout"(
                        contents: {
                          #"SYSTEM_SYSRULES_richTextDisplayField"(
                            label: "Current CTC",
                            value: {
                              #"SYSTEM_SYSRULES_richTextIcon"(icon: "usd"),
                              #"SYSTEM_SYSRULES_richTextItem_v1"(text: "60000")
                            }
                          ),
                          #"SYSTEM_SYSRULES_richTextDisplayField"(
                            label: "Expected CTC",
                            value: {
                              #"SYSTEM_SYSRULES_richTextIcon"(icon: "comment-dollar"),
                              char(32),
                              #"SYSTEM_SYSRULES_richTextItem_v1"(text: "90000")
                            }
                          ),
                          #"SYSTEM_SYSRULES_richTextDisplayField"(
                            label: "Preferred Location",
                            value: {
                              #"SYSTEM_SYSRULES_richTextIcon"(icon: "map-pin"),
                              #"SYSTEM_SYSRULES_richTextItem_v1"(text: concat(" ", "Texas, US"))
                            }
                          )
                        }
                      ),
                      #"SYSTEM_SYSRULES_columnLayout"(
                        contents: {
                          #"SYSTEM_SYSRULES_richTextDisplayField"(
                            label: "Total Experience",
                            value: {
                              #"SYSTEM_SYSRULES_richTextIcon"(icon: "briefcase"),
                              #"SYSTEM_SYSRULES_richTextItem_v1"(
                                text: concat(
                                  " ",
                                  ri!selectedCustomerData.experience,
                                  " years"
                                )
                              )
                            }
                          ),
                          #"SYSTEM_SYSRULES_richTextDisplayField"(
                            label: "Relevant Experience",
                            value: {
                              #"SYSTEM_SYSRULES_richTextIcon"(icon: "address-card"),
                              #"SYSTEM_SYSRULES_richTextItem_v1"(text: " 4 years 7 months")
                            }
                          )
                        }
                      ),
                      #"SYSTEM_SYSRULES_columnLayout"(
                        contents: {
                          #"SYSTEM_SYSRULES_gaugeField"(
                            labelPosition: "ABOVE",
                            percentage: 85,
                            color: "POSITIVE",
                            align: "START",
                            size: "SMALL",
                            label: "Profile Completion",
                            accessibilityText: "jksdhfkj",
                            primaryText: #"SYSTEM_SYSRULES_gaugePercentage"()
                          )
                        }
                      ),
                      
                    }
                  )
                }
              ),
              /*shape: "SEMI_ROUNDED",*/
              /*showBorder: false,*/
              /*style: "#CDE8E5"*/
              /*showShadow: true,*/
              /*)*/
              
            }
          )
        },
        spacing: "SPARSE"
      ),
      shape: "ROUNDED",
      showBorder: false,
      showShadow: true,
      
    )
  },
  showWhen: a!isNotNullOrEmpty(ri!selectedIndex),
  marginBelow: "NONE"
)</definition>
        <namedTypedValue>
            <name>selectedCustomerData</name>
            <type>
                <name>Map</name>
                <namespace>http://www.appian.com/ae/types/2009</namespace>
            </type>
        </namedTypedValue>
        <namedTypedValue>
            <name>selectedIndex</name>
            <type>
                <name>int</name>
                <namespace>http://www.w3.org/2001/XMLSchema</namespace>
            </type>
        </namedTypedValue>
        <preferredEditor>interface</preferredEditor>
        <offlineEnabled>false</offlineEnabled>
        <isCustom>false</isCustom>
    </interface>
    <roleMap public="true">
        <role inherit="true" allowForAll="false" name="readers">
            <users/>
            <groups/>
        </role>
        <role inherit="true" allowForAll="false" name="authors">
            <users/>
            <groups/>
        </role>
        <role inherit="true" allowForAll="false" name="administrators">
            <users/>
            <groups/>
        </role>
        <role inherit="false" allowForAll="false" name="denyReaders">
            <users/>
            <groups/>
        </role>
        <role inherit="false" allowForAll="false" name="denyAuthors">
            <users/>
            <groups/>
        </role>
        <role inherit="false" allowForAll="false" name="denyAdministrators">
            <users/>
            <groups/>
        </role>
    </roleMap>
    <typedValue>
        <type>
            <name>RuleTestConfig?list</name>
            <namespace>http://www.appian.com/ae/types/2009</namespace>
        </type>
        <value>
            <el>
                <a:name/>
                <a:ruleInputTestConfigs>
                    <a:value xmlns:xsi="http://www.w3.org/2001/XMLSchema-instance" xsi:type="a:Expression">#"_a-0000ebf9-2fb3-8000-0705-01ef9001ef90_3196125"()</a:value>
                    <a:nameRef>selectedCustomerData</a:nameRef>
                    <a:id>1</a:id>
                </a:ruleInputTestConfigs>
                <a:ruleInputTestConfigs>
                    <a:value xmlns:xsi="http://www.w3.org/2001/XMLSchema-instance" xsi:type="a:Expression">1</a:value>
                    <a:nameRef>selectedIndex</a:nameRef>
                    <a:id>2</a:id>
                </a:ruleInputTestConfigs>
                <a:assertions xmlns:xsi="http://www.w3.org/2001/XMLSchema-instance" xsi:nil="true"/>
            </el>
        </value>
    </typedValue>
    <history>
        <historyInfo versionUuid="_a-0000ebf9-2fb3-8000-0705-01ef9001ef90_3196224"/>
        <historyInfo versionUuid="_a-0000ebf9-1d05-8000-baba-01ef9001ef90_785750"/>
    </history>
</contentHaul>
