<?xml version="1.0" encoding="UTF-8" standalone="yes"?>
<processModelFolderHaul xmlns:a="http://www.appian.com/ae/types/2009">
    <versionUuid>cc0fc16c-80a0-45ca-ab00-4425bd85cd90</versionUuid>
    <processModelFolder>
        <name>SG Process Models</name>
        <uuid>c78dd612-82be-4a16-aa89-a21976a722f5</uuid>
        <description>Stores process models for the application</description>
    </processModelFolder>
    <roleMap>
        <role name="ADMIN_OWNER">
            <users/>
            <groups>
                <groupUuid>57966c08-1e68-4939-a175-18b08cc4b4f9</groupUuid>
            </groups>
        </role>
        <role name="EDITOR">
            <users/>
            <groups/>
        </role>
        <role name="EXPLICIT_NONMEMBER">
            <users/>
            <groups/>
        </role>
        <role name="VIEWER">
            <users/>
            <groups>
                <groupUuid>f159ba93-5be2-4e14-9d13-95b5402aa207</groupUuid>
            </groups>
        </role>
        <role name="MANAGER">
            <users/>
            <groups/>
        </role>
        <role name="INITIATOR">
            <users/>
            <groups/>
        </role>
    </roleMap>
    <history>
        <historyInfo versionUuid="cc0fc16c-80a0-45ca-ab00-4425bd85cd90"/>
    </history>
</processModelFolderHaul>
